city,campaign,ad_group,route,final_url
Riyadh,ETIZAN | الرياض | Search | Leads | v1,الرياض | محامي ومكتب,/,https://etizan.hositee.com/riyadh/
Riyadh,ETIZAN | الرياض | Search | Leads | v1,الرياض | استشارات,/,https://etizan.hositee.com/riyadh/
Riyadh,ETIZAN | الرياض | Search | Leads | v1,الرياض | خدمات قانونية,/,https://etizan.hositee.com/riyadh/
Riyadh,ETIZAN | الرياض | Search | Leads | v1,الرياض | شركات,/corporate/,https://etizan.hositee.com/riyadh/corporate/
Riyadh,ETIZAN | الرياض | Search | Leads | v1,الرياض | استثمار أجنبي,/corporate/,https://etizan.hositee.com/riyadh/corporate/
Riyadh,ETIZAN | الرياض | Search | Leads | v1,الرياض | امتثال وحوكمة,/corporate/,https://etizan.hositee.com/riyadh/corporate/
Riyadh,ETIZAN | الرياض | Search | Leads | v1,الرياض | تجاري,/contracts/,https://etizan.hositee.com/riyadh/contracts/
Riyadh,ETIZAN | الرياض | Search | Leads | v1,الرياض | عقود,/contracts/,https://etizan.hositee.com/riyadh/contracts/
Riyadh,ETIZAN | الرياض | Search | Leads | v1,الرياض | قضايا,/litigation/,https://etizan.hositee.com/riyadh/litigation/
Riyadh,ETIZAN | الرياض | Search | Leads | v1,الرياض | جنائي,/criminal/,https://etizan.hositee.com/riyadh/criminal/
Riyadh,ETIZAN | الرياض | Search | Leads | v1,الرياض | إداري,/administrative/,https://etizan.hositee.com/riyadh/administrative/
Riyadh,ETIZAN | الرياض | Search | Leads | v1,الرياض | عقاري,/real-estate/,https://etizan.hositee.com/riyadh/real-estate/
Riyadh,ETIZAN | الرياض | Search | Leads | v1,الرياض | عمالي,/labor/,https://etizan.hositee.com/riyadh/labor/
Riyadh,ETIZAN | الرياض | Search | Leads | v1,الرياض | أحوال شخصية,/family-inheritance/,https://etizan.hositee.com/riyadh/family-inheritance/
Riyadh,ETIZAN | الرياض | Search | Leads | v1,الرياض | تركات,/family-inheritance/,https://etizan.hositee.com/riyadh/family-inheritance/
Riyadh,ETIZAN | الرياض | Search | Leads | v1,الرياض | أوقاف ووصايا,/family-inheritance/,https://etizan.hositee.com/riyadh/family-inheritance/
Riyadh,ETIZAN | الرياض | Search | Leads | v1,الرياض | تنفيذ,/enforcement-arbitration/,https://etizan.hositee.com/riyadh/enforcement-arbitration/
Riyadh,ETIZAN | الرياض | Search | Leads | v1,الرياض | تحكيم,/enforcement-arbitration/,https://etizan.hositee.com/riyadh/enforcement-arbitration/
Riyadh,ETIZAN | الرياض | Search | Leads | v1,الرياض | لجان,/enforcement-arbitration/,https://etizan.hositee.com/riyadh/enforcement-arbitration/
Riyadh,ETIZAN | الرياض | Search | Leads | v1,الرياض | تأمين,/insurance/,https://etizan.hositee.com/riyadh/insurance/
Riyadh,ETIZAN | الرياض | Search | Leads | v1,الرياض | مصرفية,/financial-regulatory/,https://etizan.hositee.com/riyadh/financial-regulatory/
Riyadh,ETIZAN | الرياض | Search | Leads | v1,الرياض | ضريبية,/financial-regulatory/,https://etizan.hositee.com/riyadh/financial-regulatory/
Riyadh,ETIZAN | الرياض | Search | Leads | v1,الرياض | أوراق مالية,/financial-regulatory/,https://etizan.hositee.com/riyadh/financial-regulatory/
Riyadh,ETIZAN | الرياض | Search | Leads | v1,الرياض | إفلاس,/bankruptcy/,https://etizan.hositee.com/riyadh/bankruptcy/
Riyadh,ETIZAN | الرياض | Search | Leads | v1,الرياض | ملكية فكرية,/ip-franchise/,https://etizan.hositee.com/riyadh/ip-franchise/
Riyadh,ETIZAN | الرياض | Search | Leads | v1,الرياض | امتياز تجاري,/ip-franchise/,https://etizan.hositee.com/riyadh/ip-franchise/
Riyadh,ETIZAN | الرياض | Search | Leads | v1,الرياض | جرائم معلوماتية,/cybercrime/,https://etizan.hositee.com/riyadh/cybercrime/
Riyadh,ETIZAN | الرياض | Search | Leads | v1,الرياض | طيران ونقل,/aviation-transport/,https://etizan.hositee.com/riyadh/aviation-transport/
Jeddah,ETIZAN | جدة | Search | Leads | v1,جدة | محامي ومكتب,/,https://etizan.hositee.com/jeddah/
Jeddah,ETIZAN | جدة | Search | Leads | v1,جدة | استشارات,/,https://etizan.hositee.com/jeddah/
Jeddah,ETIZAN | جدة | Search | Leads | v1,جدة | خدمات قانونية,/,https://etizan.hositee.com/jeddah/
Jeddah,ETIZAN | جدة | Search | Leads | v1,جدة | شركات,/corporate/,https://etizan.hositee.com/jeddah/corporate/
Jeddah,ETIZAN | جدة | Search | Leads | v1,جدة | استثمار أجنبي,/corporate/,https://etizan.hositee.com/jeddah/corporate/
Jeddah,ETIZAN | جدة | Search | Leads | v1,جدة | امتثال وحوكمة,/corporate/,https://etizan.hositee.com/jeddah/corporate/
Jeddah,ETIZAN | جدة | Search | Leads | v1,جدة | تجاري,/contracts/,https://etizan.hositee.com/jeddah/contracts/
Jeddah,ETIZAN | جدة | Search | Leads | v1,جدة | عقود,/contracts/,https://etizan.hositee.com/jeddah/contracts/
Jeddah,ETIZAN | جدة | Search | Leads | v1,جدة | قضايا,/litigation/,https://etizan.hositee.com/jeddah/litigation/
Jeddah,ETIZAN | جدة | Search | Leads | v1,جدة | جنائي,/criminal/,https://etizan.hositee.com/jeddah/criminal/
Jeddah,ETIZAN | جدة | Search | Leads | v1,جدة | إداري,/administrative/,https://etizan.hositee.com/jeddah/administrative/
Jeddah,ETIZAN | جدة | Search | Leads | v1,جدة | عقاري,/real-estate/,https://etizan.hositee.com/jeddah/real-estate/
Jeddah,ETIZAN | جدة | Search | Leads | v1,جدة | عمالي,/labor/,https://etizan.hositee.com/jeddah/labor/
Jeddah,ETIZAN | جدة | Search | Leads | v1,جدة | أحوال شخصية,/family-inheritance/,https://etizan.hositee.com/jeddah/family-inheritance/
Jeddah,ETIZAN | جدة | Search | Leads | v1,جدة | تركات,/family-inheritance/,https://etizan.hositee.com/jeddah/family-inheritance/
Jeddah,ETIZAN | جدة | Search | Leads | v1,جدة | أوقاف ووصايا,/family-inheritance/,https://etizan.hositee.com/jeddah/family-inheritance/
Jeddah,ETIZAN | جدة | Search | Leads | v1,جدة | تنفيذ,/enforcement-arbitration/,https://etizan.hositee.com/jeddah/enforcement-arbitration/
Jeddah,ETIZAN | جدة | Search | Leads | v1,جدة | تحكيم,/enforcement-arbitration/,https://etizan.hositee.com/jeddah/enforcement-arbitration/
Jeddah,ETIZAN | جدة | Search | Leads | v1,جدة | لجان,/enforcement-arbitration/,https://etizan.hositee.com/jeddah/enforcement-arbitration/
Jeddah,ETIZAN | جدة | Search | Leads | v1,جدة | تأمين,/insurance/,https://etizan.hositee.com/jeddah/insurance/
Jeddah,ETIZAN | جدة | Search | Leads | v1,جدة | مصرفية,/financial-regulatory/,https://etizan.hositee.com/jeddah/financial-regulatory/
Jeddah,ETIZAN | جدة | Search | Leads | v1,جدة | ضريبية,/financial-regulatory/,https://etizan.hositee.com/jeddah/financial-regulatory/
Jeddah,ETIZAN | جدة | Search | Leads | v1,جدة | أوراق مالية,/financial-regulatory/,https://etizan.hositee.com/jeddah/financial-regulatory/
Jeddah,ETIZAN | جدة | Search | Leads | v1,جدة | إفلاس,/bankruptcy/,https://etizan.hositee.com/jeddah/bankruptcy/
Jeddah,ETIZAN | جدة | Search | Leads | v1,جدة | ملكية فكرية,/ip-franchise/,https://etizan.hositee.com/jeddah/ip-franchise/
Jeddah,ETIZAN | جدة | Search | Leads | v1,جدة | امتياز تجاري,/ip-franchise/,https://etizan.hositee.com/jeddah/ip-franchise/
Jeddah,ETIZAN | جدة | Search | Leads | v1,جدة | جرائم معلوماتية,/cybercrime/,https://etizan.hositee.com/jeddah/cybercrime/
Jeddah,ETIZAN | جدة | Search | Leads | v1,جدة | طيران ونقل,/aviation-transport/,https://etizan.hositee.com/jeddah/aviation-transport/
